"V1","V2","V3","V4","V5","V6","V7","V8","V9","V10","V11","V12","V13","V14","V15","V16","V17","V18","V19","V20","V21","V22","V23","V24","V25","V26","V27","V28","V29","V30"
1.55245725604352,1.10588926866403,0.06571647205748,-2.5642633323673,1.19657493824473,1.5859745470535,0.624774420972372,-0.679653896947956,-0.583253813473379,-1.09945866868714,1.37338807850507,1.2709952076632,1.86277045069916,-0.552782376060792,0.462903202287204,0.12974513027593,-1.03908384302834,-2.15481838264005,-0.469165100552339,-0.649591384793811,-0.678870216311658,2.08726164260868,-0.0267123057224068,-1.2450121114729,1.25771344736488,1.3442108007904,0.603517088257904,-0.0125895613334472,0.25834983984062,0.218599806839561
1.66755470124089,0.192217875078307,-1.2022521412821,0.178561318982116,-0.00790143244709554,0.864102532420539,0.676039592025768,-0.00593650397960357,0.107814781183555,0.691516995600523,-0.279985040254382,0.336826908222469,1.54534005510449,1.10428954530905,-2.13577706219178,0.052789273287815,-0.932721643428759,0.487038356781628,-2.16333224391922,0.964599258687903,0.0998613588723161,0.894194483930054,-0.205372467552677,-0.59034098469952,-1.16267663991162,-0.134982720721385,-1.62316151189691,-1.60057806622829,0.0898001058240078,-0.312985306530604
-0.134558314773259,0.418257406219476,-0.430704548361924,-1.45260319517038,-0.836625660748609,2.17741861210189,-0.456439169597832,0.508637399485867,-2.00435121923099,-1.56168211911064,0.773878584622602,-0.809611738538817,-1.28093600442808,-1.28660278798708,-2.0244932968288,-0.541748570608146,-0.808965600881172,2.03604588457124,0.337958693480498,-0.646981502027963,1.89750961603947,-1.72024431835448,1.57370255390137,-0.228007524426019,0.238173923922848,0.637879442515731,0.796534015868307,-1.17450741347479,-0.86087963350651,-0.0631121368945996
-0.188943688089006,-0.0742793052628574,-0.488945070583785,0.182188217942687,1.60215512826478,0.305160282828815,0.317268304400695,0.549061472120449,-0.593640433314243,-0.912464121626813,-0.874420446943386,1.20516577240691,1.38168669734404,1.26223430975448,-0.504628771333275,2.20033820907838,0.144837491060023,-0.341424105524526,1.63940976590198,0.115445366638979,0.0914795482571564,-1.41021727917516,0.299688567623635,-1.77001793353582,-0.996063292917876,0.594746778687965,0.0137159810101408,0.914194417864323,-0.986874563517271,1.09008576741724
-0.858112466841742,-0.193814117151464,0.973921053759246,1.38743243682482,1.60906817571335,-0.773478794836626,-1.32669759258553,-0.957764369228736,-1.33589979269448,0.97254301563682,-0.577573050333485,1.26245238476907,-1.16044319678035,0.879272744222848,-0.502125732004046,-1.2832765627767,-1.4717775985608,-0.646038723579877,0.764034944080382,-0.515728336214525,0.722370642486716,0.321300072699356,0.802398199400139,1.06027299549723,-0.681610904862543,0.727479231578659,0.781161937396818,0.493392622952458,0.81356398176811,1.0816350234157
-0.182708871417214,0.104523275848253,0.598541651850366,-0.883638294105334,0.32578450117966,1.31344602571413,0.0329691029247353,1.18888063998981,-0.907388986904415,0.44319016561075,-1.31952511590941,0.339577447603059,-0.0675258104021915,0.431663974147321,-0.572888894938935,0.562489251724422,-2.70327134329309,0.416340518704519,1.20731708791357,-0.707405766023782,-1.13315851369712,-0.346705890015513,0.173287918080893,0.175560106600464,-0.534606874807068,-0.333571203078528,-0.721749543111249,-1.53309530929956,-1.27787128083147,-0.22509189646053
0.825519928881904,0.0677739244636472,-1.07610766613626,0.572850024712922,0.00200545506590572,1.8262266477779,-1.96335479854624,1.81566001537669,1.26264803780171,-0.614597468137015,-1.36496198483774,-0.180553144115552,-0.868520926909352,-0.792017925276733,-0.169907667033731,0.798940609570998,-0.257829880859978,0.521561151926299,0.807282595154335,0.647828205731369,0.517079864776097,-1.11889989190398,1.24713298670655,0.781758300923152,0.0167595993248438,2.13870851789969,-0.756989891376923,-0.477137640461694,1.78404263521838,0.223662932529239
1.26240188004136,1.05323338763675,-0.374837289466917,0.766192566973887,-1.54658463021383,1.38150207313542,0.384608881908163,0.155321659731942,0.885766257242959,1.23731220924374,-0.342077623429473,-0.660601040198125,0.234010347027472,0.134594012227662,0.353311389982446,0.886986539301517,-0.503520828348151,-1.17250805672027,-1.57227979997214,1.42817747205499,0.223082069257294,-0.0636307468942339,-0.552813162591564,1.39739941649975,-0.176847810075043,0.535898429432403,0.27746045402089,-0.380644402167377,0.0984067707273848,0.771525081747301
-0.523859388702111,-1.07038617108743,-1.07163837542451,0.562207126271977,-0.239153484023931,0.812701943525585,-2.66827088887156,-0.213933956977805,2.09501555098883,-0.102770809204112,1.18258754561243,-1.23696706642091,-0.104579558428229,-0.147557183082584,-0.0917453443930046,0.159017749532278,-0.0912004800459016,-1.68008500009214,-0.0439021011625417,0.473781858932158,-1.85532914576913,-1.08634312628819,-0.307184606965189,-0.883705437591316,0.801730560487884,0.0068612605546342,-0.114164074693117,0.311763261274797,-0.620982927748449,-1.96891263167264
-0.29842820587189,1.29539904794358,-2.07293052352126,1.26394614558205,-1.29180384084292,-0.85357893586391,2.49223457209281,-0.824570957306352,0.251041434706412,0.812172605624697,-0.819928987209709,-0.360944739590984,0.271145854288896,-0.661117874775882,-0.528241989957024,-1.47537687147398,-0.0482316979302214,1.07670083871953,-0.169297838697599,-0.677306896136191,0.242152209814369,-0.951523853863179,1.98565991185627,-1.243025892895,-0.46483961468706,1.45129360762835,-0.624487351061178,1.46274350816308,1.43993167477049,0.560277896611891
-0.576637780846034,0.732004932987001,-0.214261919257106,-0.795470121669517,-0.160350187054051,-0.0137625678458636,-0.628506151188746,0.0782054508484686,0.46176273396019,-1.18898545148226,1.12670436648,-1.01264454603638,0.490781098151448,0.939830947933649,-1.52813379331341,-1.17782364629757,0.118878962301891,0.899341130270531,-0.520859847801894,-0.467654113261171,-0.0859739870918973,-0.397380532952874,-1.11066658021381,-0.363291300753836,-2.29401464461619,-0.263576748494559,0.177943150948338,1.20268981382133,-0.563485484403282,1.22302105094766
-1.60606286525858,1.29262589221533,0.459384361970977,4.97399227973624e-06,1.49315369181236,0.761546749038902,1.76456333459884,-1.6896400341069,0.592104412016982,-2.46992137118884,-1.25578454850671,-0.363199356932604,0.513152510725321,-0.596824529192609,-0.232086698076497,0.150687243738082,-0.632024544800103,-0.513819308935479,0.638871746288347,-1.47154350296242,-0.381443209607384,0.395347056773499,-2.76164117530615,-0.367770047076213,-0.472836723103249,-0.166266036594028,0.150372498066325,1.27252841393978,-1.26937118450526,-0.592964831670251
0.559921394915753,-1.11441964177655,-0.950384245989085,-1.38760615479685,0.384681851406248,1.91605001456452,1.36128694432996,-0.840905407448657,-0.986039731474068,-0.310461385183978,-1.04567163322251,-0.586858814947692,0.193335840488312,0.554839956323383,-1.82713820349583,-0.664366203063708,0.474633243715234,1.30424113927323,-0.0948031696892787,0.296138049714449,-1.30596602631871,0.388056671049192,-0.357306945594921,1.36973004811183,0.387837541466894,1.20963291365858,-0.245943448077386,-0.774891159161719,-0.826662985339804,0.770149044836049
-0.680472993309895,-0.212320967388596,1.0434149730927,0.526281648571157,-1.15905649405718,0.63911729848216,0.687750953636401,-0.140792273591024,0.123294045176264,0.402396811231539,0.199578051104916,0.0374892148662453,1.29765616644189,0.19721812313254,-1.23647971669359,0.62875105475774,-1.04850119429702,0.446831622578635,0.120615475596775,0.409536333328906,-0.203192308195088,-0.111827864575082,0.288874798879283,0.152895314262195,1.08324233851867,0.209191608595078,1.54240069155118,-1.5416237504989,0.265583122652403,0.819913420817789
1.0260246421028,-0.0984844018527069,1.42476517899178,0.714592547353024,1.28725750783939,0.149555057898305,-0.200909938468631,1.01997400785472,2.92019011791969,0.486350812840253,1.61573178898212,0.724139671149955,-0.487267989352641,0.940406182813077,1.20114284592849,0.184225186872654,-0.867399605240681,0.165767815076926,-0.117463365639693,0.712556521029297,0.230736594234401,-1.5121342646242,-0.346041173692425,-2.08296906238794,1.69081518723251,-0.731918612976145,-0.238788749920232,1.06895708913637,0.259517083947579,-0.242711520655628
-1.10518567096792,-0.726039948226638,-0.356462594036305,-0.804092781435844,0.250941297056845,0.636634457231458,1.30777445569006,-1.25431064433669,-0.220002860318179,-0.231134214561228,1.20180207108412,1.88216111422549,-0.613944617861977,-0.390060924590647,0.747051015657223,-0.204860857694781,0.0256167796852169,0.809180547669115,-1.66843252959217,-1.64775718041141,-1.26240838401204,-1.70226360130677,-0.891291157752935,0.570362894220899,2.33545324517698,0.792195573195353,-1.41462358486996,-0.13036496034395,1.12185838564919,0.782292485492585
-0.951836095042443,-0.106187116765884,0.0466483382672091,0.572046464884028,1.20771656552344,0.656642381966962,-0.628809547986311,-0.553839474410897,-0.818610474905354,-0.986236550632621,-0.429143515377645,-0.207659599675177,-0.77495231111307,-0.175405239401803,-0.17676179026054,-1.45789234721484,-1.73425024028901,0.105747327407886,0.940695791985593,0.410490186735222,-0.79122657064247,1.13886471430159,-0.812382366022089,-0.606048411266237,0.0286100774068675,0.458297694698995,0.399416108983219,-1.58028351113345,-1.57408387857212,-0.272848860540046
-0.0136991853441719,0.0439239635561817,-0.0800577122532213,-0.727341334008589,0.338950115238606,-1.4677042050308,0.757206756226578,2.06372956415982,-0.0377169987586752,-0.472442439206221,-0.972502838952692,-1.36930239658541,0.134296496736406,0.118035741124096,-0.550499440231775,-0.291791129378971,-2.18310252801552,-0.370105796290522,0.56693653555688,0.747019954892718,-0.0507815724113109,-1.22709889172898,0.361718214853592,0.483140582201432,-0.0898389782502733,-0.505846405708123,0.200496847174414,-1.35125115126114,0.310778655975,0.172018389493694
0.443213218805131,0.145816215032139,0.647734539765634,0.703759293300968,0.893067884341799,-0.988144098234259,0.0264331309344889,1.24393631823025,-0.742324998316478,0.67534476819062,2.12006868082441,0.326825295806813,0.119044052199027,0.544701275250665,0.246705733873798,0.293319869094023,1.56875850255344,-1.10692725141517,-2.27177605038615,-1.93805387293374,0.0090356072625886,-0.634028278444146,0.368903390705,-1.73255345485488,0.388476358624737,0.600328210272706,-0.00544324929762777,-0.658657215675741,0.784665081967673,-0.634084161337676
0.454759713936463,-1.65250638417295,0.657143526441952,0.501432742494197,-0.738158336842047,0.21591636924196,1.22549988362808,-1.60030184376146,0.608672190620761,-0.375899663860076,1.33000190831826,0.799653225390052,0.58081526330268,-1.13863684878323,0.210008126507746,-0.156234258881901,0.385286187399762,-1.32355990673671,-1.26459316615993,0.735211035809083,-0.0819112274973559,-0.629773394571985,0.198537516978952,0.28805578992311,1.23284801211925,-0.00348046262469705,0.996394705465243,0.317434918377712,-0.769442197476986,-0.245952080804326
-0.252494200198765,-2.01573466809996,1.8157379267121,0.536422177314158,0.733172906596016,1.0309004083594,-0.723674498050868,-0.0749708840183736,0.761396614676711,-2.38262200716525,1.98417562686773,-0.0521366486577581,0.376416248850952,1.0299834126533,1.9187338383824,0.70738129219261,-0.319320211553257,0.19024756291954,-1.12820938905445,0.248285392300681,0.42636089705946,-1.88398735397364,-0.74244527012544,-0.534276626540723,0.630484246189825,-0.560843163381921,-0.362893434183021,0.010462151866891,-0.443455067725148,-2.80011940331997
0.491472036923666,-0.310146570407529,0.519950056800874,-0.316841346067799,-0.585066054412644,0.550657919184809,1.55745294947015,0.479921444568927,1.13730305377541,-0.623243377819135,-0.322647071619248,0.873938051779763,2.06652784085442,-0.181567952219641,0.315976847007746,2.16765222360944,-0.426463764831806,-0.279474453176447,0.573847611031689,0.479701545538249,0.276862871140728,-0.93096052024706,-0.737943585379243,0.151855938517029,-0.285753433090289,1.23230116737289,-0.869166804628264,0.251405114652247,-1.11445617436501,-1.5871199643146
-0.379019327480156,-2.42961348488478,-0.519308003100151,0.111913127225139,-1.3774771197548,0.740824333504683,-0.0909526246377297,-1.76626064293964,-0.248717418314217,0.64491968097221,-0.852502866521176,-1.89468727444797,-0.0980860770145132,0.1280890044617,0.049750450627434,2.23140661050407,-0.404962788922103,-1.20217567011323,0.236510474763579,0.442203895604202,0.646901934659245,-1.11419146538113,-0.080411120268871,-0.733345908693179,0.653118291939503,0.760657687316268,-0.992364632378756,0.325401479979829,-0.31499259514817,-1.96463695164006
-0.700512786579772,-1.75360091977737,-1.48984244959311,-0.451789476707463,0.25528744870407,0.103560827496801,-0.506927309083027,1.04209754181593,0.432778590201934,0.448168684565926,-0.431028771256259,0.179561053200553,-0.362492439833383,0.0550232134404302,-1.39179483716802,0.843824277520157,0.119034524578582,-0.407184650278371,0.470601952450977,1.39767159635248,-1.4899740530655,-1.12470743922283,-0.385900477450726,0.19078176422558,-0.576914271994042,-0.103490492619553,0.97039549404407,-0.45537927918012,-0.652576728252306,0.150011517957961
0.0395453471391533,-1.5406723865418,-0.0837371705046135,-2.20938500539545,0.0189504552308244,-0.203199565252757,-0.293860145565616,-1.81371736647451,0.365483536873399,0.757538929861633,-0.0130587306353013,1.45636222988091,-0.0312088485762349,0.638063668328387,-1.10013040946219,0.648302052741293,-0.132394624663699,-1.12331320354859,0.392933294021915,0.138900320139425,-0.935622884107393,0.161877773563016,0.789410292392278,1.23635573483237,0.0357461107489863,1.13106672514119,-1.36944929722603,-0.786808183077173,1.19305607111308,1.21552994965023
-1.60511622571853,-0.117874655525644,0.0532871963386878,-0.325039774650885,0.0489636856863115,-0.400417744746429,-1.81881746969236,0.232481566006099,0.793997609805438,-0.223752998175101,-1.18066351157344,-0.38920236096193,-0.288500567826375,0.671640842947224,-1.44495664345768,0.135229687988441,-0.270933370913928,-1.40229304997355,-0.137232680970124,0.954200441670017,-1.4061809631918,-0.888892586000075,-2.01505040593412,0.675138992717485,-0.709297012352516,0.611562715952312,0.115934612895639,0.811745119592361,0.0177348162163555,-1.57635777578511
1.28619675243805,1.36365283247657,1.42548968377793,0.431683902797464,1.3615321327158,0.792179236220831,-0.477353825163528,-1.2450568408469,0.898064987343827,0.700835506710562,1.71816134725181,0.183309939758885,0.985281805482279,-1.49349044138489,1.19585957787646,-0.655915558123205,0.356045913984275,0.41797451510644,0.0877733703531737,0.821917834844599,0.482063935247236,2.24025931928035,0.720499207702265,-0.807183115175524,0.669868566991095,-0.793137408402802,0.53919433852983,1.41567055875526,-0.0461780690221724,-1.18844095545983
-0.664681235774489,0.950550307541212,0.14386731268156,-1.01191673187601,-0.428069805250466,-0.0779687446975891,0.679381403176187,-0.637486170124502,0.461780324589508,-0.478087155597272,-1.009564902159,1.12930527606316,-1.20066697388833,0.944375807516972,1.19048085821085,1.72689765752399,0.300801910920989,-1.22904248236001,-1.15883939122878,0.499255582574759,0.316750572425429,0.607977942863362,0.885696673631365,0.468192040896748,-0.458887524944919,1.65452836799784,0.58849761407582,0.487676433857762,-0.326375228397006,-0.784600023393027
-0.275063235723032,1.50014570996924,1.1572381678661,0.213114491482571,1.51863730540642,-0.82926141153182,0.0962142542873467,1.47508127705745,0.575968178430184,-0.200893397518031,0.965195014380016,-0.00434928132924709,0.344534073962747,0.014447864269861,-1.20701231634523,0.390360629490325,-0.36589285936856,-1.46342632708093,-0.545337536836045,-0.143938530627262,0.484120812630544,1.44587212502293,-0.216576491844982,0.201434592953281,0.401110457807656,0.98562817476988,-1.26705978240388,0.267521213467389,0.349699170642719,1.12574956454599
-0.00677393411897064,0.52085213673557,0.619386834973774,-1.56161356634736,-0.693825044124113,1.39053561768679,-0.274627389831315,1.08589079884754,-0.222506524029883,0.072015366204175,-0.497316467082023,-0.730050539421475,-1.20256085746974,0.886018630078591,0.913738152846823,0.165138924793402,-0.543132158118774,-0.00291017664002558,0.498626872488742,0.212179150263675,1.51650537604214,1.24581867330623,-0.944013177801515,-0.443570349977894,-0.141270273396344,0.701429654191854,-0.551587985505008,0.988913266524732,1.36179922550915,-0.747364148832908
-0.805116043863259,0.653878621312337,-0.726765661417429,0.650189262029303,1.94127871963576,-0.39842262308376,1.20872669481646,-1.97692974035887,0.184967035170281,0.528134640386082,-0.661579125337144,-0.998824994955871,-0.22811776925057,-2.17696739959695,0.763393745480582,-0.717775462607612,-0.278341755529904,0.302900537335055,0.145623097374895,-1.92997361796102,-0.463079344949049,-0.895848909559957,-0.309215243337298,0.134623583690367,-2.22109452256231,0.49149661527476,1.43668871005249,0.158364875109388,0.143386794286766,-0.318740471408306
-0.103053599889719,-0.116251189776231,-0.0904641796906781,0.802051274606807,-0.971289291019502,0.401388846349482,-0.191886905828002,1.12800267434279,-0.18461317773753,0.281001963457844,-0.874205466771416,0.531198806596074,-1.82201719655842,-0.728712219459257,2.39783860493628,-0.0834768444173775,-0.358990606280018,0.0595931335016139,0.266514651836535,1.58395742561985,-1.13015404859838,-0.895076864353844,1.5503892671818,0.493494817406846,-1.36646379585273,1.20735823853787,1.25856735337891,2.09158574671952,0.691126217765794,0.253860264132396
0.577295388149246,-1.22301398623632,-0.0116909652847844,-0.0556928454066412,0.107886541928309,-0.0430537006069506,-1.66650017998941,-1.06676248046173,0.701935540133567,1.04277934524798,0.71660944232647,-0.620208107877828,-0.836227671463237,0.700103114186165,1.38488677113159,0.317637562408884,1.69850240505799,0.742649535177008,-0.402928635406815,2.51160930158693,0.399746826327919,0.26206192551563,-1.801080321545,-0.217962881246162,-0.210088597334719,0.523591307171308,-1.73191765238317,0.86714417901197,-2.25111219630843,-0.949423094090228
1.33144412319573,-0.0609101409476991,0.393542398467102,-0.32501770353126,0.534614496822401,-0.869571815618181,0.776533743273278,-0.156256872168796,-0.980178835922868,-0.517040503777466,0.111826893857535,1.73512211269385,0.188582911036698,0.815414233299867,-0.563057106045269,0.185679692566985,-1.43387269512466,1.29331340841902,1.20712250514856,1.20835235669217,1.88500496327346,-1.92365941408087,0.775216901484054,-0.167464634295493,0.093678052053044,0.375803910160926,0.998230312378158,-0.37873851658359,-0.439883243021735,0.407473432465097
0.341575880889002,1.60893742842789,0.0476249145149171,-0.853277825232595,-0.380401413368372,-0.773407276883855,2.07314434303363,0.395044881855901,-1.3534330022284,0.659914147112191,0.0563678632416099,-0.32071777807968,-0.414400485262561,1.20764616086478,0.73066633055936,0.127047905128617,-1.73132117279704,-1.35296010007703,1.50132989088758,-0.353995220462906,0.692772892614261,0.392450063039022,-1.26359670807328,0.971069307111706,-0.295244563791148,-0.896794448626769,0.548308683510003,-0.0528151005063128,0.226423031617208,0.270564147755225
-2.24310251318968,0.527645260467555,0.400694677113077,-1.47014743109192,0.429648045238444,0.0952756156497787,2.13209654378436,0.691015276751025,-0.913033058516929,-1.15816012467801,1.2529587407482,-1.10939838022911,0.639825711172956,-0.519944737229349,0.00623366166554563,0.879332221644061,-1.03547414707212,-0.970085621871537,-0.47419448607861,0.31599906331539,-0.442649821885473,-0.077851767704339,-0.620104144302085,0.886692842571818,1.52195842392805,-0.126540546297583,-0.00320172165069634,-0.0714163563327291,-0.832687051420207,-0.342671902645095
1.25860306645037,-0.167459295075224,-0.367018893235526,-1.03369876821345,0.359713811898396,-0.041308765673243,-1.0665748119931,0.742349448841995,0.680236613141483,0.546902557124163,-0.58145041939885,0.119877126041412,1.58460245762842,0.482823291463885,1.03868448700561,0.0248207984214759,-0.286377511498553,-1.36821686394431,0.578619751491842,-0.656985030618774,-0.0733971968327778,-0.615126615190046,-0.733798169291935,0.935007857699047,0.0367624020637357,0.599600817077712,0.6610123821193,0.0596914417362173,-0.288597418709401,1.12046817813879
-0.8360800401285,-2.48372790332223,0.875913509529221,1.31236397439263,0.154161622931295,-0.854424617987816,-0.253590252978647,-0.983530599107191,-2.00630829125468,-1.35505112218012,1.98456905632622,-0.529989255782882,0.720913816137137,-0.0669336472932267,-0.0789847760002642,0.0423776087650915,1.12411188113514,1.68245736190075,0.821731012319969,-1.59220149469192,0.209571707091447,-0.922171514963987,0.461015476824135,-0.425612240218758,-0.115796596127478,0.721631902438539,0.0345646519030826,-0.0580857823114426,-0.219532292585027,0.356403122079099
-0.614691472576692,0.968539563520885,-1.25844808557908,-1.12264607766725,0.53484702939652,0.174402177930913,0.509857987277909,-0.876199617968969,1.76939565112903,0.802726922433814,-0.50440017635192,1.17236564894748,0.466219675204813,0.659200917038802,-0.183447188553487,0.283645500652725,0.734223152744979,0.560052387074481,1.4306683990101,0.174888439867596,-0.32653216373243,0.708808792421464,0.164007282957541,-0.175784207990557,-0.168037015607856,-1.76497340584414,0.121514251381136,1.01750304382072,-0.867056696504378,0.278354634961685
-0.858867410707906,-1.6251695331757,0.606769059482999,0.391210640381716,-0.326018729163275,-1.08289389152892,1.1398517334369,0.331620860715186,0.0800185708369949,-0.878687086109688,0.751777460557209,0.174344100870866,1.80812184619135,-1.68975944525964,-0.133803121063953,0.454605385196805,-1.93170631418762,0.919339156872666,0.0143397892871744,0.0120607205035067,0.799631957728917,0.890399759652352,1.3080379282504,-1.44762392697911,0.264171977612703,0.84006580561119,-0.43714565609599,-1.89643915913059,-0.363914489253279,1.36837524791567
-0.685025698144854,-0.871825740916398,-1.25252990615088,2.50939660631274,1.69854398901025,-0.310919627831969,-1.06150929205851,0.431326014446614,-1.17523276128873,1.8202063129877,-0.0346301573795142,-0.200727763261645,2.52901426920789,-0.788971835503558,-0.696740802119577,1.71741122220925,-1.65336182799492,-1.24942381119209,-3.27930352300965,-0.264194952003847,-0.31990892425259,0.272083629811454,1.21914412118021,-1.27468014755831,0.667564778476864,-1.61764047927251,-1.02463275463344,0.81003651683882,-0.952544849242257,-0.504618775270263
-0.160895668610973,0.0541942085392385,0.923737495433994,-0.896353834098594,1.4938072278169,-0.252001859401812,1.66044949427151,1.80508558246243,1.15734822797526,0.521152890581923,-0.434889752087512,-1.34137201915932,0.407502903671639,-0.14240756247618,0.111923890166696,0.661109711185262,-2.43177201715038,-0.790782990745987,0.480580605331743,-0.94934232678906,0.88302059717955,1.48069561951243,-0.615670116023972,-0.0417333298039044,0.425859631271535,-0.141186490138695,0.147714728067285,-1.2720962561063,-1.63469267047564,-0.204121902682313
-0.176882182463682,-0.150251533887315,-1.10593830151736,-0.963870214233542,0.0828509331939766,0.722324122207415,0.994969361389512,0.58792790728348,0.444221473980809,1.48155634191922,0.0657694590958494,1.35281364782097,0.510374905974099,0.675176134325074,0.132592813879037,-2.21149654926334,-0.81345877045966,-0.587739349882282,-0.758538476992342,-0.55880163588545,-1.89564592834027,-0.152960661930744,-0.277995670082983,0.0284224929572502,1.04073072815453,0.580971556356217,-0.087844684626404,-0.533100494404315,0.686104356218436,-0.708375680954014
-0.591989345613248,-0.406660542704233,-0.35050496906061,0.169287205913726,0.163427934215256,-0.883941088137126,-1.34781082522383,0.0143843971626342,0.798509167641531,-0.162901641312971,1.11166015759797,0.674051800076854,0.569311279511712,0.764686194802086,-1.96069503184669,-0.791438772580917,-1.14682764500875,-0.684814996363821,-0.016870622430922,1.19316926508116,0.340944491319272,-1.12998969731919,0.972188998300928,-0.659704132882243,1.34123170129964,0.601485855344326,1.11579894960847,-0.555090256010517,-0.293691579385727,-0.532430427670178
-0.529562235257664,1.23247027531151,-0.0475523628096653,-1.17929570791692,0.369945215129987,-0.0162033881134233,0.742771511029627,1.54622961815634,0.432176055272122,0.970462564011232,0.14785515017827,-1.24131544159386,-1.10192695758637,0.673499130815246,-0.0533646017385263,-0.675866769181253,0.434292160282278,0.979145446144144,0.240627690533631,-0.159884410597288,1.48622713345667,-1.35822150536905,-0.478953220689927,0.952989099467606,0.381920907861664,-0.559875388402018,1.10870910430511,-0.390053968979011,-1.25210943203405,1.11139325806899
-1.72654122177397,0.837438566169918,0.673257264962022,-0.435750025846068,-0.812113340104072,-1.14148815856212,0.369665917189266,-0.304506203908489,-0.102117596418626,-0.482951517744901,-0.199719184427043,0.271613756907713,1.58003482148066,0.713819537679939,0.0616949851961014,-0.152184315651904,0.240165070779538,-0.698818276420215,-1.92259683027752,0.805321386912451,2.44104227675084,-1.76904387021728,1.34648974242491,-0.461462399352985,-1.64187207709308,-0.642015193689538,-0.216162642106081,-0.310954769047136,0.193187947116344,-0.330134686054946
1.08598248273328,-0.512401896953799,-0.485429518149045,-0.349936833384241,1.02150298307745,0.4006945770541,-2.01271765389827,0.147388496161692,-1.31060242972604,0.209453316331138,-1.15200400984364,0.428873881502895,-0.880603993190311,-1.20695326281306,-1.71988492676372,0.239161680227175,0.0285575415863125,-1.54868861982253,-2.09519726520265,0.306722168940859,-0.529288683441273,-0.827168168205443,1.99325331188179,0.104478197121888,0.284084614916016,0.0530079337999641,2.37155061722474,1.47215431270312,-2.33501619520731,-0.638183896957537
-0.818134374298155,0.913940237505185,-1.32217174309107,-0.817674127649078,1.16396278357498,-0.362783782584409,-1.03642541438925,-0.172014465894873,0.882581970997805,1.93513175157433,1.26391422110235,0.572215899919255,-1.41481362704353,0.808545719050542,-0.843213767704915,-0.207119348045608,-0.578762840310141,1.12058316583792,-0.630216958815842,-0.132504400297843,-1.8489927506692,2.77425786923656,-0.314537168165709,-0.949104911325852,-1.41254097958103,0.121982773537862,1.10664841407423,-0.0737214281538725,-0.71554611928117,0.409705561257304
-0.931762415909848,1.01850049529195,-0.550911577798393,1.29499104365065,-1.02784465924466,-0.534724410511902,1.21565405161114,-0.290724348644385,0.762514969070444,1.09442176772404,0.706462649879237,-1.11102987350702,-0.144421902136288,0.236514605428664,-0.385742568572858,-0.953042238226459,1.73454685405673,0.669977609327295,1.45773737530018,-0.425772995819852,-1.57654498337714,-0.963715265399875,-1.15391454401459,0.0670079599536626,-0.265097675502276,-1.36531103229188,-2.23542371400785,-0.217291071484138,-0.00327482901151807,1.70121984933313
0.197894203288999,-0.81986701610286,-2.64037536102326,1.33836140019821,3.12183131641122,-1.83273969725468,-0.0437746354389911,-1.56945337314346,1.10838481943223,0.606480628673978,0.556804732937604,-0.092632477222945,-1.29563220743152,-1.38985322477062,-2.49602052325372,-0.557520699564208,-0.176219582269791,1.47250312510055,1.10644211503116,-0.149738145073265,1.39962170496829,1.81840632020092,-0.0789724661557031,-0.818137018984409,-1.16557742874603,-0.620611545430573,1.20387066430879,-0.653627277824307,-0.248047315887571,-0.400592117057794
-0.347557118281935,0.383989362244412,-0.629741662004076,-0.0408567166738858,1.53689899165928,1.21815420206172,0.296085945707664,1.33620093652546,0.463679973697538,-0.996803074100195,-0.439411256525132,-0.282365396133716,-0.385268465858038,0.222038409508156,1.63342182778755,1.25046875113384,0.19640237917448,0.413765716246532,-1.59054299192151,1.27863090853828,-0.884390518527858,-1.14137079549447,1.05677351949943,-0.161771099697068,0.825627675330808,1.23860523854553,-0.185964525650884,-0.0777010675680874,0.283454766055818,-2.25607080009357
-0.336901458737986,-0.237975245370252,0.891579750104363,1.6463642418162,-0.429365936441832,-0.729240749161758,-0.950167834932457,1.03245687393616,-0.894253688574736,-0.683682548821807,0.614816433783631,1.59781456241222,-0.324834759536795,-0.621003186597303,0.46709030108244,-0.130822081191201,-1.74235167002513,0.460386665912797,-1.55807128400199,-2.77514857197185,0.640293214198392,-0.00500251997118356,-1.21010018718939,0.400587573550557,-0.753913956129505,0.320968411620034,-0.21813822851654,0.626128585903746,0.163848751660508,0.98342528195784
1.63516176099726,3.16247642602408,-1.82320452005365,0.680977507216231,1.81039310846276,1.05007450659956,-0.486817600695195,-0.481830809963851,-0.987003545494808,0.769854615192741,-1.4387623224108,0.0743096056581186,-0.367222361560844,1.2300385573686,-0.326405459478509,-0.667070810030275,0.670829440705842,0.360454365023391,-0.654523665236553,2.24086261038925,2.02114305275569,-0.653852734188739,0.505315684694123,0.982466522963952,-1.22208703241536,-0.40566818706512,0.427861036525041,-0.66763027161663,0.977115959371181,0.064400931508486
0.791471160568239,1.62745621844133,0.240382174373595,-0.489449330805446,-1.19953430594297,-3.17003337385181,-1.3626482213222,-0.647885669464333,-0.655193469845231,-1.18759439901126,0.377665333390223,-1.00095503881595,0.888241089376706,-1.05848241389453,-0.641209045121251,-2.459155908194,-0.403740802058011,-1.0392188097343,-0.85484663212396,-0.446296315489527,0.413746864403374,-0.605283617588366,0.175042305488069,1.40256384417742,-0.172704302208216,0.391517392394513,2.26483289063185,0.0903939153568222,-2.22261236348169,-0.140285714388856
-0.608670700644474,0.392588957370583,0.397736142251907,-1.04271824440877,0.172231295875466,0.159067003147511,-0.00502404454212987,-2.54892816052039,-1.63207281072119,1.05303904471085,1.03258041754468,0.872028990826041,1.03819043475959,1.10740352436663,0.688977329838449,-0.148898193061839,-0.262329339011143,0.813300708567706,-1.17334983416873,-1.24874395701246,0.015205783842399,1.29070248648267,-0.170303120950326,-0.972917937744237,-0.668530434489112,-0.326828541838075,0.0356627739056344,0.405744693953522,0.717075078272561,-0.352820561394535
-0.48742484643477,0.316064437309249,0.560563609150714,0.0142984396472661,0.196618751538096,-0.539234779520505,-0.0951419632232468,-1.50083165505512,-0.272542439241559,0.209647848848792,-1.6356829828123,-1.00974838531363,-0.122713560956954,-0.302850221697363,-0.243267986712547,0.890719785482563,0.633214346546118,-0.705699266595264,-1.76666108357217,1.13159958878131,0.00188836257406029,0.116739894987589,1.49959286701128,0.901485605455497,0.94407770916046,-0.0473896559176165,-1.31382155591702,0.142575149915485,-0.979669972563008,-0.512091957270181
-1.86507070632008,0.012314892465471,0.641265317390095,-0.313273973474487,-0.0228637013278468,-1.09771213194321,-2.10274272609695,0.166875124636695,2.01501196655935,0.945527455037629,-0.190698544155529,-0.667874662751199,-1.19916544439163,0.0985461786634175,-0.365188509561605,-1.0713658541045,0.589109175352728,0.372660615416168,-0.0316806655363259,-0.966238645921012,-1.71280250821824,1.51359857167214,-1.48318817960284,-0.238796266736012,-0.568227448245513,0.952093840332215,-0.218877440067874,-2.26606436128237,-1.26319846430929,0.0355602900066642
-0.905564853574631,-0.71024499237269,1.73498114519826,-0.776146165924599,0.939958276679141,-0.126876410567378,1.6640745187006,-0.0947263478451412,0.368926689914011,-1.21688689462034,-0.768448829941502,0.88560267803366,-0.303297765761569,-1.00776250789148,-0.645814512583379,0.220663294543505,0.00877195466007998,-0.989000787461941,-1.42748834915139,-1.04393745758772,0.334259570326379,-0.216831015077541,-0.00102179386268734,0.55607607973855,-0.0305708357168239,-1.04008196670392,-0.147759809735726,0.381137833274987,-1.27119669920848,-1.12742074540903
-0.0141959254454025,-0.750184715212713,-1.10548940601648,-2.70913897117795,0.0889860770743536,-0.38870764657435,0.523129025962236,1.23705316589302,2.79477960183855,-2.14337581863589,0.257378580719466,0.533997074100578,-2.14416739653642,0.763779300454595,-0.856082235562689,1.5656567618437,-0.375869858135669,0.0382024039820785,1.36401015743252,-0.56583927193796,-0.237027099499673,0.0466018508259948,1.4623729837084,-0.735493084691642,-2.09219296645459,0.690074614642392,1.2558664703248,1.01842905434819,1.86381359817948,-0.518232150233821
1.91248790566659,0.000885848357040242,1.27892620146962,0.955081595062482,0.250997826360045,-0.811864829100742,-0.25276518764012,-0.688085176017675,-0.0174791832983661,0.145688208665275,-0.883297156944271,-0.289721036910622,-0.59410424609777,0.748300157041208,-0.3534673957195,-1.43307990669668,-0.51515937029525,0.0850305245298319,-0.686823110332478,-1.37053281984726,1.77559964240726,-0.0855795101971626,0.0796484909471589,-0.32912975953453,2.17914305978133,0.808261306319399,-1.88576989764201,-0.887649879025623,-0.0569343253244248,2.08064519404645
0.469390377621887,-1.60995346887343,-1.64931765975096,0.470632485403516,1.18228635648207,-0.91522354847057,-0.431004443233083,0.783203779396401,-0.447918078036402,0.300241190418087,-0.0407494370671394,0.424155785689621,2.2288214392453,-0.15492045509023,-0.75873531967213,0.227921550693068,0.407335529644984,-0.144202345646308,2.70226565551117,-0.057172506908838,-0.20279102963458,1.43602462296529,1.39222320984203,-0.35934089429177,-0.90073773484555,-0.0999915381458519,0.697011415752799,-1.27405501224294,0.406285406839125,0.343432607419183
1.96981706781858,0.190255549263041,-1.17383888414763,0.216135733656832,-0.166158939250807,0.5195998541753,-0.356550655260882,0.970428630715185,0.587696240599646,1.7696172145168,0.878953754041797,-1.17412083671914,-1.7725352142947,1.14259991446363,1.60214243350548,1.59301356173663,1.27763952561997,0.560399757248658,0.205069933725999,-0.075610379708576,0.690930077747718,-1.05716571273449,1.09143028493243,-0.404400298682773,1.40437179526256,-0.292277186657858,1.27347032425435,0.470310300340425,-0.474105070614554,0.0170025573206364
1.08844384798405,-0.216563511708621,-0.000192320787384649,-0.389367650980774,-0.0742283674060682,0.396060502341098,0.136895267526291,-0.559575686732472,-0.128733485969743,0.46541574490879,-0.466760960124701,-2.11897541366491,-1.6491795522851,0.705564937078545,-0.701643620738066,0.632285106872368,-0.016438936715451,1.49433200168625,-1.18706283339632,-0.530718672660084,0.154509814272743,0.397967104418115,1.30536783249778,-0.700533083533898,1.00069304541825,0.792916489309128,0.145904066922125,-0.965252034755334,1.51330788677432,0.292943465914255
-1.9488281106659,0.856919458436341,0.184559363334328,-1.36910323593092,2.28391489143746,-0.630082774346202,0.381366043441136,0.548151353152444,-0.435356183876508,0.711331646324926,0.177729761133154,0.931988223023211,-0.128068377070838,-0.93862929346895,-1.53983087155059,-0.850375895843006,0.963354260278516,-1.10944253403964,0.475656191272825,0.143876358236688,-0.0246696833277636,-1.83977746633216,0.542610333419729,0.926103623004417,1.55298201292656,-1.26797299050494,1.08975562488065,-1.00917497891343,0.498494717133356,-1.14885159732629
0.857533147770742,0.48581124527235,1.32356805804412,0.763367262855284,0.874754814679177,2.0014716443592,-0.173853909947559,0.110297357894946,-0.00859530941436018,-0.472067538771141,-2.37142134227973,0.45812942574807,0.850034644632443,0.717274623803885,0.82304919942261,0.927804365659335,-1.43198751871494,-0.596878411357568,0.611567108777766,-0.583619433300514,-0.34064159636885,-1.45757112267881,-1.00707660247778,1.1227747412978,0.895455434725977,1.50321101249386,0.120275170336642,0.833051284287215,-1.22243528645226,2.97747253957923
-0.13792396564539,0.355765059432989,-0.440344693398175,-0.75038780248741,0.498177959774545,-1.35012888433529,-1.02693793826889,0.263284183079769,-0.341833042240013,0.577427356952648,0.014848013501467,-0.828768764755339,0.566214775979579,-0.951761880058962,0.801792555629482,0.841759993880278,1.00480876196677,1.24990430782692,0.05629693270368,0.959556472460912,-0.121111285004301,-0.960683929508977,0.363985080942839,0.972528394830567,-0.0825212746171626,-1.83941519024247,0.0681987905627479,-0.101156247203814,-0.642466934590128,0.556454934669599
-0.340945245706732,0.0997547356871146,0.024097420744847,-0.118955293250482,0.555270469350596,-0.00759854534117551,0.468249066723637,-1.00556473603774,1.08588069265932,-0.187479272117631,-0.538983916465205,-0.0950691906144841,-0.822141363519384,0.894016984273597,-0.324724525271911,-1.00630562616037,-2.18793524005504,0.648168133405275,-0.559323094037745,-0.777436264415017,0.74958581312786,0.22979335827807,0.625062465874191,0.135891036911256,-1.13754850019066,1.56572632834725,0.79264707679677,1.84835927981972,-1.75416514873267,-0.526410551915798
-1.12833686081687,-1.14067815967984,0.183045472372311,-0.491177618875376,0.843190542203779,-0.451173166519721,2.42964638796589,0.0263788195061877,2.25495799788083,0.0101860301679691,0.201545393479402,0.898253525954266,-0.421929007215,0.571106977348108,-0.762313801746801,0.0479763536718301,0.325680497921195,0.870424880998711,-1.13268024500232,0.383559828729908,0.098282410807896,-0.796044808341211,-0.918738872125565,1.04062697866878,-0.600015751962179,0.145662594994141,0.871875159006462,-0.134025327543169,2.2399404171741,0.562734176253062
0.590398381568599,1.14644105235498,-2.6308472090167,0.0350702906678328,-0.821483824157102,-0.616894096002636,-0.679617099416263,-0.676563642537882,-0.589045004230916,0.486730198562275,1.76331838667787,1.63600528964824,2.29326183187869,-0.444307861951739,-1.57806432429262,0.424412199035307,0.908168164084066,1.42869898065164,0.668868936410603,0.313269808891867,-0.69425428996158,-0.0944215533255485,0.523892351870613,0.431806244468872,0.321743972458744,0.112552298301324,-0.251132975944312,-0.355249815070554,0.897123944429235,0.072010394536571
0.124647917563879,0.375085422666021,-1.59453081437135,-0.266421551685653,1.35883019949886,-1.85516481928572,-0.610927762287055,1.37914595581725,-0.203981653594837,-0.691073283199114,0.881923511939718,-1.71333572488337,0.211574954837873,-0.306760010344505,0.640147929124883,-2.34757015479918,-0.940686837540336,0.567700968027742,0.397249563214755,0.124583181271912,-0.372529714510872,1.69906345805033,1.05276283228266,0.402576593124186,-2.3398010971276,0.392143752008068,-0.546693958350564,0.0257267036007026,-1.62272147629439,-1.44277108437732
0.391770129563198,-1.4330689575996,0.792789263756019,-1.03164196946341,0.511929578429733,0.390592896224445,0.843876944708624,0.277043828266666,0.465883247658947,-0.710568918006613,1.96644854040651,1.20045422427289,0.515188581250862,0.695493237897692,-0.505528013907197,0.559371641623588,0.162003752164414,0.865076453742741,-1.19521732570268,-1.30304665662547,2.39026147043384,-0.320521533229702,1.01107451013893,-0.392832850161602,-1.16581585048659,0.404880564899684,1.93647683753525,-0.0470752727896648,1.8832514157311,-0.231957950229653
-1.12786943953059,1.0733417273823,-0.111026441731278,-0.414043406688038,-1.75587250405289,-0.332125746123399,-0.911641821358607,0.288941207051694,-0.96046914009811,1.52284320138418,1.69822151886226,-0.196118736406039,0.715759816190091,-0.803330489007583,0.479530668688876,-1.89481188052038,-0.890590157304208,0.361955101645432,1.08948771621883,-0.653252368806395,1.00597175695383,-1.24533329288559,-0.102478386648943,1.7023127548212,1.40810613185845,-0.684422534923365,0.0193387750399551,0.301409332079262,-0.391537324153994,-0.816929412047139
-1.4423039448988,-0.518866838378892,-0.377181979793966,-0.15049217431876,0.924566663465511,0.46000697980166,-0.184367497777962,-2.53824198517864,-0.649684678332144,-1.80834839189648,-3.07378059479436,-0.17763511046508,-0.258781286919062,1.3922917493203,-0.0441518293673025,2.76362472883184,0.883733223390128,-0.623583590237182,0.317744689850686,-1.28330316166119,1.57358960930574,2.08864814288609,0.245986638595239,0.35179760675608,2.87345819609256,-1.87572850790118,-0.336904682865365,-1.07366097681022,1.12502620806844,-0.540910702271935
2.41990229547675,-1.17751822840688,-0.485841130508072,0.473165812244599,0.532557155201898,0.0104180544400459,-1.76444690319581,0.272455926994214,0.708728915846039,1.21936050887259,-0.103515924124423,-1.92011924967115,0.0453010179162799,0.277877050122008,-1.10186474857203,-1.62720570258589,-0.0176878358574795,-0.426706141399681,0.652796042195824,-1.26674216982229,-1.36706124081243,0.867666410223353,-1.19472124404304,1.11968565788347,-0.286024608861014,-0.309048365797891,-0.475994592451265,-1.3063276451425,-0.821407934032982,0.0104649131602042
1.00319269596927,-0.595826767893556,-0.250245583685606,2.6080637220814,-1.07780072266543,-0.274557969646904,0.125544558159131,0.183074221195208,0.0724661190201913,-0.0397355775797399,-0.111857317870103,0.86949585068566,0.952703033311843,1.24088866188219,1.8836108120163,-0.221468903939311,0.230082298221541,0.611501687459563,-1.06113924324584,1.432792654263,-1.44519701296972,0.750163441099756,-2.05553261164803,0.406951324783424,-0.634552699249714,0.0285239385589199,-1.19450746730915,2.18800036223353,0.489717958326777,1.0182271606485
2.27672267441424,0.29940639000143,2.52572574295859,-1.12987578119982,0.2442864104006,1.22322152352946,2.0661952488222,0.209737058547652,0.0447035035083289,-0.700661075766191,-0.632936162205514,0.171342306032971,-1.33949417545234,0.179241319757858,0.313906609189949,0.229012928329169,-0.699010548658374,0.964622381550268,-0.924812664642556,-0.258308982556025,-1.468882519122,-1.30431111959368,-0.48794863907798,-1.00409391625196,-0.875575881090429,0.159973377234946,-1.4407830495654,2.29387160137511,0.543468559510724,0.693364456838642
-0.0521863409034595,1.82418788569262,1.13072274268894,0.442737520047469,-1.45959675291568,-0.517822895628718,-0.678497820113166,0.232211433796563,1.1022801420058,0.280353106290989,0.0552960097490837,0.943457376441135,2.26336998716461,0.331938863340609,-0.320225728179646,0.125594480633352,0.821213356410212,-0.943148212202457,1.28437107375754,1.12265895121039,-0.289587366115153,-1.29613038807559,0.248688913326359,1.37013854401906,0.128731837050041,0.455534643940077,-1.10749976729764,-0.587900765943784,-0.108286134911418,1.20773556174958
0.243572754389165,1.44632402049642,0.214892461526064,0.611871659678349,0.096099511467931,1.01387892942373,0.1499277737558,1.74978605074536,-0.693571196853006,-1.69800268225294,-0.196251614313294,-0.243120353242732,0.912089717773379,0.0615906127385175,-0.694918020395179,0.261541103946012,-2.35011053099106,-0.38897710969779,0.23218768805762,-1.4368137841408,-0.659676680115701,-0.643196936192743,0.0101087039982354,0.441072376818086,-0.591446346633203,-0.292170777146382,0.702341016781814,1.28933963551812,-0.288321424964736,-0.657908151103122
0.0839534460744823,0.316423468326213,-0.110051230861634,0.48340837701965,-1.22909552215202,1.64967707750494,0.709711835728562,1.29764696495627,1.0553765991122,-1.09421078092701,-2.42241138744303,0.0757007447209398,-0.323984565392134,0.272538664050375,0.00262758780728459,-1.65750863771007,-0.128039208220967,0.535544119557889,-0.0642181809823264,-0.945047944703186,-0.773600791006594,-0.0632887585942167,0.686960035107436,-0.969341987044796,-0.747170977132262,0.776365438776963,-0.145712448866175,1.0142691270134,-0.988180486318611,0.638264465004581
1.10340510477857,-0.434801870835322,-1.38746730141973,0.0400770287947914,0.446023732356715,-1.57408872885406,0.103784441352374,-0.130352033329716,0.975363124391707,-0.467093777969849,-0.647931167981737,1.30244606058438,-0.0845923858943756,-0.511771595515642,-1.10969018031127,-1.14544917512942,0.39367117225228,-0.653466978310514,-0.00173275783921294,2.13636493020701,0.254693188292434,0.432419704599549,-1.05608900715628,0.0965532410890327,-0.567775222073343,0.702273095553366,-2.74971001159326,-0.530325452158833,-0.237495680256745,-2.71425734022114
1.20534475522552,-0.749776387875607,-0.34148098310176,-0.638148612699717,0.418276130522441,1.49123368148671,0.177797446551332,-1.26466452804793,0.729170445159362,0.052351070841919,1.28038188712115,-0.118204074014188,0.402294673388148,-0.35677674899585,-0.351552524179323,-1.36441954595509,2.08306422962609,0.988393884683266,-1.01782073222863,-1.01553451306374,1.40017294348058,-0.119844063492671,-0.00164693568626028,1.33931327573794,-0.513922557456723,-0.191463845636682,-0.224477088820433,0.420497935277841,0.825738806397385,-0.730301031499934
0.111045959130046,-1.11617317097229,1.46573678664953,0.779091984027842,0.72452065535365,-0.342567435544135,-1.68372419477997,1.50093328971233,0.265464172350766,0.0284380696554226,-0.293396938444617,-0.0979061527803069,-0.382065573172411,0.681866388460744,0.722701717081922,0.678721711693299,-2.26116228826143,0.0258233719070732,1.26747437912483,-0.0530115002940944,-0.676567392078725,-0.342688407472171,1.39122029394101,0.612336802736048,-0.0204024985416725,-0.185192951151183,0.184913816014498,2.06324610266682,-0.267944326684826,-0.159178803160654
-0.427023375395361,0.382456634357556,-0.0151143422511535,-1.14052422162331,-1.35436010275036,-0.421421034872395,-2.29734693711855,-1.27875671324515,0.144298157248733,-0.633693706593086,0.804278770937527,-1.33692565754666,-0.909311230595707,0.555362667050528,0.60049287929876,0.673880549663802,1.37319770456186,0.174780930747079,0.554954963763371,-0.292802216454683,0.222927034993584,0.0117148962831414,-1.76053304551972,-0.0206386167267433,-1.20269556598663,0.291767185951523,-2.10350817120737,-0.746992319192427,-1.55267605164079,-0.860517000877093
0.527117899856226,0.389009350387389,1.15484555797378,-0.95994843865722,0.683208895268688,-0.153689536222635,1.40772005879502,-0.961944530262869,-0.670759469989905,0.926780617272305,0.790977537329528,-0.220433945280911,-1.9067170717507,-0.171174773140281,0.260968930461853,-0.731795743656593,-0.314353056441136,-0.000337263735768606,-0.841427992274766,-1.37495436784383,0.0151333290097828,-0.481474970425919,-0.661225177937374,0.107060612515506,2.2391017826068,-0.240421011985027,-0.0596802766699353,1.13045124823064,-0.864446371395027,0.657086876940381
0.77028824851145,1.82990189810249,0.222658093811904,-1.72978152104043,-0.0800214474554737,-0.0394657928825724,0.49923708334313,-0.430742756477836,0.668635541280548,1.27247514742378,-2.1143736176431,0.486987713993074,-1.00275405294156,0.556029833544849,-1.00847660918204,-0.103618836737692,-0.609982526095519,0.340556339930892,0.444949967184578,1.31837594763098,0.426729366192845,-0.141866500792016,-1.00306523252714,-2.34623663951533,-0.796530776970202,-0.50741221782427,1.17592545686402,-0.871574882645389,-0.83456286151244,-0.463416756641
0.69989335532295,-1.12052748654618,-0.677604752594242,-1.07278690026645,-0.600814784257974,-0.964315454887506,-0.395813727598281,0.233570239204313,1.77391787184648,-2.25088130967909,0.00727891356269011,1.13795686634159,-0.991919375529619,1.9446893676095,1.71981269871097,-0.808729029741599,-0.215225744301796,-0.356188844347588,-0.084024541237403,0.486950312589844,1.6586299588354,0.677712524238631,0.842602074863669,0.114456732731228,1.41740320442858,-0.0459207890985937,1.17517870532096,-1.07410082133551,1.02957048906191,-1.13823951401917
-0.0596883896986396,-0.316379319090573,-0.102853873730459,0.900970415799091,0.0869830803563724,-0.187602645975712,-0.122219437377865,-0.0836964675408023,-1.37275815565563,0.024120415066447,0.737068313180676,1.65335743920322,-2.32583569366904,0.225899099333875,-0.657755482095182,0.289597494999158,-0.738486314223153,1.90581036404489,-0.144956359471445,0.469356167759557,1.55775720453078,0.39454764881872,0.363299120802854,-1.30521708183731,-0.954901437476661,-0.936175238378672,-0.180529957654536,-0.604039473784733,-0.485710299359006,0.789462921277593
0.993262572208788,1.07959491277901,0.441806294562718,-0.854762675214219,-0.178191591032331,0.286436302749066,0.0552056129478606,-1.33284209335373,-0.678500607093755,0.971874531308756,0.555917859657175,1.25591340596855,-2.00069803330654,-0.201855306833612,-0.834035056989545,0.0672249388173306,-0.659185252601178,-0.343779375759078,-0.943178934990504,-1.31466679369401,1.55445225031269,-1.38301602404087,-0.890083841341798,0.25526051394125,0.416350022366899,-0.223427966574132,0.795766501587432,-0.521211582241179,-0.217616370080913,0.202341511759691
-1.96210291767454,-0.460109412167847,-0.409521825399067,0.186882285263826,-1.04029316585438,1.0487908976095,1.47742066490679,-0.138125150302798,0.676593435180295,-1.12954009287947,-1.29457552748888,-0.522787800953382,0.162315062545912,0.594312888863923,-0.880698840077719,0.876775365258999,1.01546622159839,-1.09523668913424,-0.872685995657021,-0.724927730049569,0.168853983687372,-0.827849876601716,-0.219394557254031,-0.331353627732927,0.688168079794272,-0.750900614064456,-1.53128307126249,-0.377577757735157,-0.541516440686049,-1.24624508043962
-1.68428073352805,-0.618936492385855,0.703311100443762,0.372717467864262,0.561470373437903,0.275281583573357,-0.108458761981619,1.53505146601927,-1.08237188685846,0.16448582033354,0.834554309195326,0.996904014497818,2.22617888652927,-0.488558308493043,0.763251176244909,-0.927358800030612,0.505207387876958,-1.46194511072929,-0.361037161320851,1.26577154066817,-0.322584845730506,-0.220656266285396,-1.25726942294313,-0.582932360735979,0.219082215281397,-0.599315936950812,0.525462638876176,-0.877636542846837,0.820620266290048,-1.83509568616855
0.0333045395084166,0.471719737747079,0.343076212598998,-1.85572395320128,0.0088333885526076,-1.78173804572154,-0.755275249067449,-0.796487840130908,0.323998042471727,-1.2154591177279,-0.513799337997984,0.136788931018745,-1.29475980646501,-0.902434054232478,-1.35875185979358,0.0759396582001423,-2.15082988391466,1.02047318535935,0.325874927136587,-0.767061142825067,1.15777850593674,2.21198871548687,-0.942037937194699,-0.534179131139482,1.46137740775305,1.4387622319764,-1.44613525107652,-1.72587015666688,-1.27735756629783,1.59198765677234
-0.159994244984484,2.20781902309116,1.82682712864734,1.52378978934217,0.688115495372973,1.72561969757536,0.95463375741549,-1.40119413789629,-0.504188613525603,-1.25455944983333,0.00467656447791461,-0.887350272323163,-1.32982765235254,1.21123977657947,-0.814118613923396,1.18896674131093,0.844427636086703,-1.24457907170518,-1.49821388908895,-0.402786555234682,-0.000811606101219172,0.024784032131337,-0.144350978436226,1.90193418501802,0.610681074632632,0.280588339163025,-0.268183814782591,-0.216039436542873,1.5885221878742,-0.26464061216391
-0.653288636494898,0.210611930062314,-0.0188719683257024,1.66156583184861,0.695535403892543,1.65961145219622,0.177982201892067,0.146599096972725,0.70337127301418,-0.644657138916411,-0.0990910623750591,1.51166232844754,0.028713817141761,-0.286917109954156,-1.77846230983391,0.223906772131058,-0.131394636035534,0.248665905087793,-0.602294530146854,0.110196695821097,0.726876294813969,-1.45655995213202,-0.068436593988293,-0.234230149090312,0.471957983483835,-0.937443597272268,-0.104691178325285,0.111326270643354,-1.51182106807147,1.64584086960158
1.64044380344961,0.0214915861879878,-0.152414054287251,0.341356669993253,-1.01393420177336,1.65929276344874,-1.40607441379493,0.997970641728343,-0.00733320191215069,1.12186305276122,-1.91528627729243,-1.37072715335553,-1.58354241872526,-2.04923374928736,0.936088030738806,0.621599266389906,0.488906874189891,0.406897532020887,-0.387282769657586,0.528390459041925,-0.736420618476225,0.52050645845773,0.41316113011731,0.783027324319886,-0.123277960353351,0.34761922919854,1.49713387797443,1.92421985627003,-0.696675552180481,0.541850825196752
1.75994607680362,0.48455771900395,-1.04851570663952,1.57497046102981,-0.474632108040719,0.594727152030063,0.625448415135894,-0.764691221094255,-1.96336485593761,-0.846904996664434,0.568435314516652,-0.461166793031041,0.0575796335736815,0.427408708706772,0.738127805949076,-0.499503855633854,-1.38669216735659,-0.447845331183962,1.37162692954629,-1.6136867437146,1.22005596676546,0.367782230968071,0.968585871818494,-0.0304825807420297,0.978112845688462,-0.958422681964817,-0.464108592935103,1.80665874486655,-1.47034580575774,2.3453042636022
1.15122796772894,-0.983518434826291,-0.0700976758573776,-1.14127755647704,-0.510522807777567,0.606586240194994,0.0868666858700164,-0.326884015772635,-0.616752193388302,0.40775059942199,0.0348548883941338,-0.608623298787052,-1.21822234371533,-0.67902970545213,-1.09861400629656,-0.61015845295588,-1.56099655315141,1.25882867016016,-1.55635541751385,1.26278901614814,-3.05348757418454,1.28882030587327,0.483694952531858,-0.103338308800268,-0.475796081504166,-0.39409399212097,-0.279528203332347,-0.461796083175332,-1.42541967573401,-0.297071096902393
-1.33788653050103,0.291484581967327,-0.0194739596477317,-0.367806395859128,1.19049187967688,0.00389144870629753,1.42531101226613,0.402251215630535,1.37115045992176,0.607842100355757,1.43412624847207,-2.39693222490187,1.08733256350109,-1.06437574590754,0.662605961092102,0.796943499282806,-1.00871947989033,-0.154784484160432,-0.624683723600006,0.461097573145389,-0.180553148431625,0.419218159296063,0.600081945363495,1.08233660073769,-1.442783760978,-0.189090904209059,-1.77881834986694,-1.12635784920754,-1.80490806391942,0.455489333617684
-1.97489983162795,-0.583366719758706,0.863607223066913,-0.351977255579024,-0.406427889157643,0.250693605427048,-0.862426013209769,-0.142385367964321,-0.0971903040433429,-0.0173948008939033,-0.757485649696987,0.888256452800231,0.782298426032705,-1.92212420872794,-1.51384142584174,0.0954879811063885,2.28325441524408,-0.223972003506407,1.20112613475688,-0.630615241218678,1.01456295374528,-0.625994567312117,-0.799634887039556,-0.282015539102624,0.931073295654958,-0.267372754094793,0.481558303787064,0.376092689146651,0.970568881427501,-0.903052960358447
-0.589391029557657,0.622201256090317,0.459051770680832,1.33958211741296,1.36460766726898,-1.43771420597857,-0.450386252112398,1.08807357441701,0.589374723137792,-0.312620102359691,-1.81884975286721,-0.231089672985011,-1.24554202899451,0.807504197799346,1.49465430797889,0.39597709030227,-0.388987815067633,0.145197764240996,-0.0670170017015357,-1.41351930564805,0.531572566736554,-1.41230507249329,-0.457323770742009,2.19434472887868,2.71585579931375,-0.61591597061752,0.673538301968495,1.13974231714384,0.433453232664166,-0.450648949399133
1.0886848410022,-0.262045502432661,0.714065774430812,0.245319905456984,-0.88097893262461,0.692397248744475,-0.83081228324702,0.692806968299862,0.604181312185024,-0.60449814882334,-0.631458816523113,0.449370931818545,1.32721623907308,-0.680935071713742,-1.46641913344689,-1.58613534563599,2.51757608654114,-1.12236688874823,1.426782516615,1.65344315018365,-0.337779499358327,-0.602485328705126,-0.611442930080306,-0.42759429024666,0.220550032038334,-2.15781332248752,1.60069782341225,1.22991701496076,1.05299286586515,0.351313518894099
